dap,seed,site,input_set,test_plots,recall20
75,42,Ames,fields_plus_site,79,0.625
75,42,Crawfordsville,fields_plus_site,83,0.6470588235294118
75,42,Lincoln,fields_plus_site,84,0.5294117647058824
75,42,MOValley,fields_plus_site,84,0.35294117647058826
75,42,Scottsbluff,fields_plus_site,82,0.17647058823529413
75,42,Ames,fields_indices_plus_site,79,0.625
75,42,Crawfordsville,fields_indices_plus_site,83,0.47058823529411764
75,42,Lincoln,fields_indices_plus_site,84,0.47058823529411764
75,42,MOValley,fields_indices_plus_site,84,0.5882352941176471
75,42,Scottsbluff,fields_indices_plus_site,82,0.29411764705882354
75,7,Ames,fields_plus_site,79,0.4375
75,7,Crawfordsville,fields_plus_site,79,0.5
75,7,Lincoln,fields_plus_site,84,0.7647058823529411
75,7,MOValley,fields_plus_site,84,0.47058823529411764
75,7,Scottsbluff,fields_plus_site,82,0.4117647058823529
75,7,Ames,fields_indices_plus_site,79,0.6875
75,7,Crawfordsville,fields_indices_plus_site,79,0.5
75,7,Lincoln,fields_indices_plus_site,84,0.5882352941176471
75,7,MOValley,fields_indices_plus_site,84,0.6470588235294118
75,7,Scottsbluff,fields_indices_plus_site,82,0.29411764705882354
75,99,Ames,fields_plus_site,84,0.5294117647058824
75,99,Crawfordsville,fields_plus_site,84,0.5882352941176471
75,99,Lincoln,fields_plus_site,84,0.5294117647058824
75,99,MOValley,fields_plus_site,84,0.4117647058823529
75,99,Scottsbluff,fields_plus_site,82,0.4117647058823529
75,99,Ames,fields_indices_plus_site,84,0.5294117647058824
75,99,Crawfordsville,fields_indices_plus_site,84,0.5294117647058824
75,99,Lincoln,fields_indices_plus_site,84,0.47058823529411764
75,99,MOValley,fields_indices_plus_site,84,0.5882352941176471
75,99,Scottsbluff,fields_indices_plus_site,82,0.23529411764705882
75,51,Ames,fields_plus_site,79,0.6875
75,51,Crawfordsville,fields_plus_site,79,0.5625
75,51,Lincoln,fields_plus_site,84,0.5294117647058824
75,51,MOValley,fields_plus_site,79,0.4375
75,51,Scottsbluff,fields_plus_site,84,0.35294117647058826
75,51,Ames,fields_indices_plus_site,79,0.5
75,51,Crawfordsville,fields_indices_plus_site,79,0.4375
75,51,Lincoln,fields_indices_plus_site,84,0.6470588235294118
75,51,MOValley,fields_indices_plus_site,79,0.3125
75,51,Scottsbluff,fields_indices_plus_site,84,0.35294117647058826
75,34,Ames,fields_plus_site,82,0.5882352941176471
75,34,Crawfordsville,fields_plus_site,84,0.7647058823529411
75,34,Lincoln,fields_plus_site,84,0.5882352941176471
75,34,MOValley,fields_plus_site,84,0.4117647058823529
75,34,Scottsbluff,fields_plus_site,81,0.47058823529411764
75,34,Ames,fields_indices_plus_site,82,0.5882352941176471
75,34,Crawfordsville,fields_indices_plus_site,84,0.7647058823529411
75,34,Lincoln,fields_indices_plus_site,84,0.7058823529411765
75,34,MOValley,fields_indices_plus_site,84,0.4117647058823529
75,34,Scottsbluff,fields_indices_plus_site,81,0.47058823529411764
75,123,Ames,fields_plus_site,84,0.4117647058823529
75,123,Crawfordsville,fields_plus_site,79,0.5625
75,123,Lincoln,fields_plus_site,84,0.5294117647058824
75,123,MOValley,fields_plus_site,79,0.4375
75,123,Scottsbluff,fields_plus_site,75,0.26666666666666666
75,123,Ames,fields_indices_plus_site,84,0.29411764705882354
75,123,Crawfordsville,fields_indices_plus_site,79,0.5625
75,123,Lincoln,fields_indices_plus_site,84,0.4117647058823529
75,123,MOValley,fields_indices_plus_site,79,0.375
75,123,Scottsbluff,fields_indices_plus_site,75,0.4
75,41,Ames,fields_plus_site,79,0.6875
75,41,Crawfordsville,fields_plus_site,84,0.7647058823529411
75,41,Lincoln,fields_plus_site,84,0.6470588235294118
75,41,MOValley,fields_plus_site,84,0.4117647058823529
75,41,Scottsbluff,fields_plus_site,85,0.4117647058823529
75,41,Ames,fields_indices_plus_site,79,0.5625
75,41,Crawfordsville,fields_indices_plus_site,84,0.7647058823529411
75,41,Lincoln,fields_indices_plus_site,84,0.5882352941176471
75,41,MOValley,fields_indices_plus_site,84,0.4117647058823529
75,41,Scottsbluff,fields_indices_plus_site,85,0.35294117647058826
75,9,Ames,fields_plus_site,79,0.625
75,9,Crawfordsville,fields_plus_site,79,0.625
75,9,Lincoln,fields_plus_site,84,0.5294117647058824
75,9,MOValley,fields_plus_site,79,0.5
75,9,Scottsbluff,fields_plus_site,85,0.4117647058823529
75,9,Ames,fields_indices_plus_site,79,0.625
75,9,Crawfordsville,fields_indices_plus_site,79,0.5
75,9,Lincoln,fields_indices_plus_site,84,0.35294117647058826
75,9,MOValley,fields_indices_plus_site,79,0.5
75,9,Scottsbluff,fields_indices_plus_site,85,0.47058823529411764
75,101,Ames,fields_plus_site,79,0.625
75,101,Crawfordsville,fields_plus_site,79,0.625
75,101,Lincoln,fields_plus_site,84,0.5294117647058824
75,101,MOValley,fields_plus_site,79,0.4375
75,101,Scottsbluff,fields_plus_site,75,0.26666666666666666
75,101,Ames,fields_indices_plus_site,79,0.5
75,101,Crawfordsville,fields_indices_plus_site,79,0.4375
75,101,Lincoln,fields_indices_plus_site,84,0.47058823529411764
75,101,MOValley,fields_indices_plus_site,79,0.375
75,101,Scottsbluff,fields_indices_plus_site,75,0.4
75,2026,Ames,fields_plus_site,84,0.5882352941176471
75,2026,Crawfordsville,fields_plus_site,79,0.625
75,2026,Lincoln,fields_plus_site,84,0.47058823529411764
75,2026,MOValley,fields_plus_site,79,0.5
75,2026,Scottsbluff,fields_plus_site,81,0.47058823529411764
75,2026,Ames,fields_indices_plus_site,84,0.7647058823529411
75,2026,Crawfordsville,fields_indices_plus_site,79,0.5
75,2026,Lincoln,fields_indices_plus_site,84,0.7058823529411765
75,2026,MOValley,fields_indices_plus_site,79,0.4375
75,2026,Scottsbluff,fields_indices_plus_site,81,0.47058823529411764
90,42,Ames,fields_plus_site,79,0.625
90,42,Crawfordsville,fields_plus_site,83,0.6470588235294118
90,42,Lincoln,fields_plus_site,84,0.5294117647058824
90,42,MOValley,fields_plus_site,84,0.35294117647058826
90,42,Scottsbluff,fields_plus_site,82,0.17647058823529413
90,42,Ames,fields_indices_plus_site,79,0.6875
90,42,Crawfordsville,fields_indices_plus_site,83,0.5882352941176471
90,42,Lincoln,fields_indices_plus_site,84,0.35294117647058826
90,42,MOValley,fields_indices_plus_site,84,0.5882352941176471
90,42,Scottsbluff,fields_indices_plus_site,82,0.17647058823529413
90,7,Ames,fields_plus_site,79,0.4375
90,7,Crawfordsville,fields_plus_site,79,0.5
90,7,Lincoln,fields_plus_site,84,0.7647058823529411
90,7,MOValley,fields_plus_site,84,0.47058823529411764
90,7,Scottsbluff,fields_plus_site,82,0.4117647058823529
90,7,Ames,fields_indices_plus_site,79,0.6875
90,7,Crawfordsville,fields_indices_plus_site,79,0.5
90,7,Lincoln,fields_indices_plus_site,84,0.8235294117647058
90,7,MOValley,fields_indices_plus_site,84,0.6470588235294118
90,7,Scottsbluff,fields_indices_plus_site,82,0.35294117647058826
90,99,Ames,fields_plus_site,84,0.5294117647058824
90,99,Crawfordsville,fields_plus_site,84,0.5882352941176471
90,99,Lincoln,fields_plus_site,84,0.5294117647058824
90,99,MOValley,fields_plus_site,84,0.4117647058823529
90,99,Scottsbluff,fields_plus_site,82,0.4117647058823529
90,99,Ames,fields_indices_plus_site,84,0.7058823529411765
90,99,Crawfordsville,fields_indices_plus_site,84,0.47058823529411764
90,99,Lincoln,fields_indices_plus_site,84,0.35294117647058826
90,99,MOValley,fields_indices_plus_site,84,0.5882352941176471
90,99,Scottsbluff,fields_indices_plus_site,82,0.35294117647058826
90,51,Ames,fields_plus_site,79,0.6875
90,51,Crawfordsville,fields_plus_site,79,0.5625
90,51,Lincoln,fields_plus_site,84,0.5294117647058824
90,51,MOValley,fields_plus_site,79,0.4375
90,51,Scottsbluff,fields_plus_site,84,0.35294117647058826
90,51,Ames,fields_indices_plus_site,79,0.6875
90,51,Crawfordsville,fields_indices_plus_site,79,0.625
90,51,Lincoln,fields_indices_plus_site,84,0.6470588235294118
90,51,MOValley,fields_indices_plus_site,79,0.375
90,51,Scottsbluff,fields_indices_plus_site,84,0.47058823529411764
90,34,Ames,fields_plus_site,82,0.5882352941176471
90,34,Crawfordsville,fields_plus_site,84,0.7647058823529411
90,34,Lincoln,fields_plus_site,84,0.5882352941176471
90,34,MOValley,fields_plus_site,84,0.4117647058823529
90,34,Scottsbluff,fields_plus_site,81,0.47058823529411764
90,34,Ames,fields_indices_plus_site,82,0.6470588235294118
90,34,Crawfordsville,fields_indices_plus_site,84,0.5882352941176471
90,34,Lincoln,fields_indices_plus_site,84,0.8235294117647058
90,34,MOValley,fields_indices_plus_site,84,0.5882352941176471
90,34,Scottsbluff,fields_indices_plus_site,81,0.29411764705882354
90,123,Ames,fields_plus_site,84,0.4117647058823529
90,123,Crawfordsville,fields_plus_site,79,0.5625
90,123,Lincoln,fields_plus_site,84,0.5294117647058824
90,123,MOValley,fields_plus_site,79,0.4375
90,123,Scottsbluff,fields_plus_site,75,0.26666666666666666
90,123,Ames,fields_indices_plus_site,84,0.5294117647058824
90,123,Crawfordsville,fields_indices_plus_site,79,0.5
90,123,Lincoln,fields_indices_plus_site,84,0.5294117647058824
90,123,MOValley,fields_indices_plus_site,79,0.5
90,123,Scottsbluff,fields_indices_plus_site,75,0.3333333333333333
90,41,Ames,fields_plus_site,79,0.6875
90,41,Crawfordsville,fields_plus_site,84,0.7647058823529411
90,41,Lincoln,fields_plus_site,84,0.6470588235294118
90,41,MOValley,fields_plus_site,84,0.4117647058823529
90,41,Scottsbluff,fields_plus_site,85,0.4117647058823529
90,41,Ames,fields_indices_plus_site,79,0.5625
90,41,Crawfordsville,fields_indices_plus_site,84,0.6470588235294118
90,41,Lincoln,fields_indices_plus_site,84,0.5294117647058824
90,41,MOValley,fields_indices_plus_site,84,0.6470588235294118
90,41,Scottsbluff,fields_indices_plus_site,85,0.35294117647058826
90,9,Ames,fields_plus_site,79,0.625
90,9,Crawfordsville,fields_plus_site,79,0.625
90,9,Lincoln,fields_plus_site,84,0.5294117647058824
90,9,MOValley,fields_plus_site,79,0.5
90,9,Scottsbluff,fields_plus_site,85,0.4117647058823529
90,9,Ames,fields_indices_plus_site,79,0.625
90,9,Crawfordsville,fields_indices_plus_site,79,0.625
90,9,Lincoln,fields_indices_plus_site,84,0.5294117647058824
90,9,MOValley,fields_indices_plus_site,79,0.4375
90,9,Scottsbluff,fields_indices_plus_site,85,0.35294117647058826
90,101,Ames,fields_plus_site,79,0.625
90,101,Crawfordsville,fields_plus_site,79,0.625
90,101,Lincoln,fields_plus_site,84,0.5294117647058824
90,101,MOValley,fields_plus_site,79,0.4375
90,101,Scottsbluff,fields_plus_site,75,0.26666666666666666
90,101,Ames,fields_indices_plus_site,79,0.6875
90,101,Crawfordsville,fields_indices_plus_site,79,0.6875
90,101,Lincoln,fields_indices_plus_site,84,0.5882352941176471
90,101,MOValley,fields_indices_plus_site,79,0.375
90,101,Scottsbluff,fields_indices_plus_site,75,0.26666666666666666
90,2026,Ames,fields_plus_site,84,0.5882352941176471
90,2026,Crawfordsville,fields_plus_site,79,0.625
90,2026,Lincoln,fields_plus_site,84,0.47058823529411764
90,2026,MOValley,fields_plus_site,79,0.5
90,2026,Scottsbluff,fields_plus_site,81,0.47058823529411764
90,2026,Ames,fields_indices_plus_site,84,0.7647058823529411
90,2026,Crawfordsville,fields_indices_plus_site,79,0.625
90,2026,Lincoln,fields_indices_plus_site,84,0.5882352941176471
90,2026,MOValley,fields_indices_plus_site,79,0.375
90,2026,Scottsbluff,fields_indices_plus_site,81,0.4117647058823529
