dap,seed,input_set,model,recall20,random_recall,source_run
75,42,fields_indices_plus_site,ridge_a1,0.4897058823529412,0.20388598012213807,rank_inputs_dap_threeway_dap75_seed42
75,42,fields_plus_site,catboost_depth4,0.4661764705882353,0.20388598012213807,rank_inputs_dap_threeway_dap75_seed42
75,42,nitrogen_plus_site,catboost_depth4,0.18970588235294117,0.20388598012213807,rank_inputs_dap_threeway_dap75_seed42
75,7,fields_indices_plus_site,ridge_a100,0.5433823529411764,0.2034284538143754,rank_inputs_dap_threeway_dap75_seed7
75,7,fields_plus_site,catboost_depth6,0.5169117647058823,0.2034284538143754,rank_inputs_dap_threeway_dap75_seed7
75,7,nitrogen_plus_site,catboost_depth4,0.16691176470588237,0.2034284538143754,rank_inputs_dap_threeway_dap75_seed7
75,99,fields_indices_plus_site,ridge_a1,0.47058823529411764,0.20336817653890824,rank_inputs_dap_threeway_dap75_seed99
75,99,fields_plus_site,catboost_depth4,0.49411764705882355,0.20336817653890824,rank_inputs_dap_threeway_dap75_seed99
75,99,nitrogen_plus_site,catboost_depth4,0.11764705882352941,0.20336817653890824,rank_inputs_dap_threeway_dap75_seed99
75,51,fields_indices_plus_site,catboost_depth4,0.45,0.2024713682941531,rank_inputs_dap_threeway_dap75_seed51
75,51,fields_plus_site,catboost_depth6,0.5139705882352941,0.2024713682941531,rank_inputs_dap_threeway_dap75_seed51
75,51,nitrogen_plus_site,catboost_depth4,0.1360294117647059,0.2024713682941531,rank_inputs_dap_threeway_dap75_seed51
75,34,fields_indices_plus_site,catboost_depth4,0.5882352941176471,0.2048672947046931,rank_inputs_dap_threeway_dap75_seed34
75,34,fields_plus_site,catboost_depth4,0.5647058823529412,0.2048672947046931,rank_inputs_dap_threeway_dap75_seed34
75,34,nitrogen_plus_site,catboost_depth4,0.2,0.2048672947046931,rank_inputs_dap_threeway_dap75_seed34
75,123,fields_indices_plus_site,catboost_depth4,0.4086764705882353,0.20196503918022907,rank_inputs_dap_threeway_dap75_seed123
75,123,fields_plus_site,catboost_depth6,0.4415686274509804,0.20196503918022907,rank_inputs_dap_threeway_dap75_seed123
75,123,nitrogen_plus_site,catboost_depth4,0.1817156862745098,0.20196503918022907,rank_inputs_dap_threeway_dap75_seed123
75,41,fields_indices_plus_site,catboost_depth4,0.5360294117647059,0.20193490054249547,rank_inputs_dap_threeway_dap75_seed41
75,41,fields_plus_site,catboost_depth4,0.5845588235294118,0.20193490054249547,rank_inputs_dap_threeway_dap75_seed41
75,41,nitrogen_plus_site,catboost_depth4,0.25073529411764706,0.20193490054249547,rank_inputs_dap_threeway_dap75_seed41
75,9,fields_indices_plus_site,ridge_a1,0.4897058823529412,0.20199517781796264,rank_inputs_dap_threeway_dap75_seed9
75,9,fields_plus_site,catboost_depth6,0.5382352941176471,0.20199517781796264,rank_inputs_dap_threeway_dap75_seed9
75,9,nitrogen_plus_site,catboost_depth4,0.1698529411764706,0.20199517781796264,rank_inputs_dap_threeway_dap75_seed9
75,101,fields_indices_plus_site,catboost_depth4,0.43661764705882355,0.20199517781796264,rank_inputs_dap_threeway_dap75_seed101
75,101,fields_plus_site,catboost_depth6,0.4967156862745098,0.20199517781796264,rank_inputs_dap_threeway_dap75_seed101
75,101,nitrogen_plus_site,catboost_depth4,0.1493627450980392,0.20199517781796264,rank_inputs_dap_threeway_dap75_seed101
75,2026,fields_indices_plus_site,catboost_depth6,0.5757352941176471,0.20394034782220433,rank_inputs_dap_threeway_dap75_seed2026
75,2026,fields_plus_site,catboost_depth4,0.5308823529411765,0.20394034782220433,rank_inputs_dap_threeway_dap75_seed2026
75,2026,nitrogen_plus_site,catboost_depth4,0.14411764705882352,0.20394034782220433,rank_inputs_dap_threeway_dap75_seed2026
90,42,fields_indices_plus_site,ridge_a1,0.4786764705882353,0.20388598012213807,rank_inputs_dap_threeway_dap90_seed42
90,42,fields_plus_site,catboost_depth4,0.4661764705882353,0.20388598012213807,rank_inputs_dap_threeway_dap90_seed42
90,42,nitrogen_plus_site,catboost_depth4,0.18970588235294117,0.20388598012213807,rank_inputs_dap_threeway_dap90_seed42
90,7,fields_indices_plus_site,catboost_depth4,0.6022058823529413,0.2034284538143754,rank_inputs_dap_threeway_dap90_seed7
90,7,fields_plus_site,catboost_depth6,0.5169117647058823,0.2034284538143754,rank_inputs_dap_threeway_dap90_seed7
90,7,nitrogen_plus_site,catboost_depth4,0.16691176470588237,0.2034284538143754,rank_inputs_dap_threeway_dap90_seed7
90,99,fields_indices_plus_site,ridge_a1,0.49411764705882355,0.20336817653890824,rank_inputs_dap_threeway_dap90_seed99
90,99,fields_plus_site,catboost_depth4,0.49411764705882355,0.20336817653890824,rank_inputs_dap_threeway_dap90_seed99
90,99,nitrogen_plus_site,catboost_depth4,0.11764705882352941,0.20336817653890824,rank_inputs_dap_threeway_dap90_seed99
90,51,fields_indices_plus_site,catboost_depth4,0.5610294117647059,0.2024713682941531,rank_inputs_dap_threeway_dap90_seed51
90,51,fields_plus_site,catboost_depth6,0.5139705882352941,0.2024713682941531,rank_inputs_dap_threeway_dap90_seed51
90,51,nitrogen_plus_site,catboost_depth4,0.1360294117647059,0.2024713682941531,rank_inputs_dap_threeway_dap90_seed51
90,34,fields_indices_plus_site,catboost_depth4,0.5882352941176471,0.2048672947046931,rank_inputs_dap_threeway_dap90_seed34
90,34,fields_plus_site,catboost_depth4,0.5647058823529412,0.2048672947046931,rank_inputs_dap_threeway_dap90_seed34
90,34,nitrogen_plus_site,catboost_depth4,0.2,0.2048672947046931,rank_inputs_dap_threeway_dap90_seed34
90,123,fields_indices_plus_site,ridge_a1,0.4784313725490196,0.20196503918022907,rank_inputs_dap_threeway_dap90_seed123
90,123,fields_plus_site,catboost_depth6,0.4415686274509804,0.20196503918022907,rank_inputs_dap_threeway_dap90_seed123
90,123,nitrogen_plus_site,catboost_depth4,0.1817156862745098,0.20196503918022907,rank_inputs_dap_threeway_dap90_seed123
90,41,fields_indices_plus_site,catboost_depth4,0.5477941176470589,0.20193490054249547,rank_inputs_dap_threeway_dap90_seed41
90,41,fields_plus_site,catboost_depth4,0.5845588235294118,0.20193490054249547,rank_inputs_dap_threeway_dap90_seed41
90,41,nitrogen_plus_site,catboost_depth4,0.25073529411764706,0.20193490054249547,rank_inputs_dap_threeway_dap90_seed41
90,9,fields_indices_plus_site,catboost_depth8,0.5139705882352941,0.20199517781796264,rank_inputs_dap_threeway_dap90_seed9
90,9,fields_plus_site,catboost_depth6,0.5382352941176471,0.20199517781796264,rank_inputs_dap_threeway_dap90_seed9
90,9,nitrogen_plus_site,catboost_depth4,0.1698529411764706,0.20199517781796264,rank_inputs_dap_threeway_dap90_seed9
90,101,fields_indices_plus_site,catboost_depth6,0.5209803921568628,0.20199517781796264,rank_inputs_dap_threeway_dap90_seed101
90,101,fields_plus_site,catboost_depth6,0.4967156862745098,0.20199517781796264,rank_inputs_dap_threeway_dap90_seed101
90,101,nitrogen_plus_site,catboost_depth4,0.1493627450980392,0.20199517781796264,rank_inputs_dap_threeway_dap90_seed101
90,2026,fields_indices_plus_site,catboost_depth4,0.5529411764705883,0.20394034782220433,rank_inputs_dap_threeway_dap90_seed2026
90,2026,fields_plus_site,catboost_depth4,0.5308823529411765,0.20394034782220433,rank_inputs_dap_threeway_dap90_seed2026
90,2026,nitrogen_plus_site,catboost_depth4,0.14411764705882352,0.20394034782220433,rank_inputs_dap_threeway_dap90_seed2026
