dap,seed,input_set,mae_bu_per_acre,source_run
75,42,fields_indices_plus_site,24.160300655839393,yield_dap_threeway_dap75_seed42
75,42,fields_plus_site,24.33874544884087,yield_dap_threeway_dap75_seed42
75,7,fields_indices_plus_site,18.286746362720713,yield_dap_threeway_dap75_seed7
75,7,fields_plus_site,19.526822529885578,yield_dap_threeway_dap75_seed7
75,99,fields_indices_plus_site,16.71160902348161,yield_dap_threeway_dap75_seed99
75,99,fields_plus_site,18.43508183627439,yield_dap_threeway_dap75_seed99
75,51,fields_indices_plus_site,17.775452616301862,yield_dap_threeway_dap75_seed51
75,51,fields_plus_site,18.015185144922064,yield_dap_threeway_dap75_seed51
75,34,fields_indices_plus_site,15.92867393637535,yield_dap_threeway_dap75_seed34
75,34,fields_plus_site,16.964830192615,yield_dap_threeway_dap75_seed34
75,123,fields_indices_plus_site,19.45495305552892,yield_dap_threeway_dap75_seed123
75,123,fields_plus_site,20.455186466907797,yield_dap_threeway_dap75_seed123
75,41,fields_indices_plus_site,16.285936397427342,yield_dap_threeway_dap75_seed41
75,41,fields_plus_site,17.275771833656428,yield_dap_threeway_dap75_seed41
90,42,fields_indices_plus_site,22.12852351717541,yield_dap_threeway_dap90_seed42
90,42,fields_plus_site,24.33874544884087,yield_dap_threeway_dap90_seed42
90,7,fields_indices_plus_site,15.99729094685891,yield_dap_threeway_dap90_seed7
90,7,fields_plus_site,19.526822529885578,yield_dap_threeway_dap90_seed7
90,99,fields_indices_plus_site,15.56974128672243,yield_dap_threeway_dap90_seed99
90,99,fields_plus_site,18.43508183627439,yield_dap_threeway_dap90_seed99
90,51,fields_indices_plus_site,16.29253608786347,yield_dap_threeway_dap90_seed51
90,51,fields_plus_site,18.015185144922064,yield_dap_threeway_dap90_seed51
90,34,fields_indices_plus_site,15.287725352188293,yield_dap_threeway_dap90_seed34
90,34,fields_plus_site,16.964830192615,yield_dap_threeway_dap90_seed34
90,123,fields_indices_plus_site,19.0956006653999,yield_dap_threeway_dap90_seed123
90,123,fields_plus_site,20.455186466907797,yield_dap_threeway_dap90_seed123
90,41,fields_indices_plus_site,15.420618696263329,yield_dap_threeway_dap90_seed41
90,41,fields_plus_site,17.275771833656428,yield_dap_threeway_dap90_seed41
